{
  "ProofCsv": "./config/proof.csv",
  "ZkKeyVKDirectoryAndPrefix": "./zkpor4",
  "CexAssetsInfo": [{"TotalEquity":0,"TotalDebt":0,"BasePrice":39600000,"Symbol":"1inch","Index":0},{"TotalEquity":0,"TotalDebt":0,"BasePrice":5640000000,"Symbol":"aave","Index":1},{"TotalEquity":0,"TotalDebt":0,"BasePrice":798000,"Symbol":"ach","Index":2},{"TotalEquity":0,"TotalDebt":0,"BasePrice":254600000,"Symbol":"acm","Index":3},{"TotalEquity":35443033800,"TotalDebt":0,"BasePrice":27840000,"Symbol":"ada","Index":4},{"TotalEquity":0,"TotalDebt":0,"BasePrice":11820000,"Symbol":"adx","Index":5},{"TotalEquity":0,"TotalDebt":0,"BasePrice":9070000,"Symbol":"aergo","Index":6},{"TotalEquity":0,"TotalDebt":0,"BasePrice":27200000,"Symbol":"agld","Index":7},{"TotalEquity":0,"TotalDebt":0,"BasePrice":305000,"Symbol":"akro","Index":8},{"TotalEquity":0,"TotalDebt":0,"BasePrice":1410000000,"Symbol":"alcx","Index":9},{"TotalEquity":0,"TotalDebt":0,"BasePrice":18900000,"Symbol":"algo","Index":10},{"TotalEquity":0,"TotalDebt":0,"BasePrice":113500000,"Symbol":"alice","Index":11},{"TotalEquity":0,"TotalDebt":0,"BasePrice":24960000,"Symbol":"alpaca","Index":12},{"TotalEquity":0,"TotalDebt":0,"BasePrice":7850000,"Symbol":"alpha","Index":13},{"TotalEquity":0,"TotalDebt":0,"BasePrice":208490000,"Symbol":"alpine","Index":14},{"TotalEquity":0,"TotalDebt":0,"BasePrice":1326000,"Symbol":"amb","Index":15},{"TotalEquity":0,"TotalDebt":0,"BasePrice":322000,"Symbol":"amp","Index":16},{"TotalEquity":267296,"TotalDebt":0,"BasePrice":3403000,"Symbol":"anc","Index":17},{"TotalEquity":0,"TotalDebt":0,"BasePrice":1660000,"Symbol":"ankr","Index":18},{"TotalEquity":0,"TotalDebt":0,"BasePrice":209400000,"Symbol":"ant","Index":19},{"TotalEquity":0,"TotalDebt":0,"BasePrice":403700000,"Symbol":"ape","Index":20},{"TotalEquity":0,"TotalDebt":0,"BasePrice":111100000,"Symbol":"api3","Index":21},{"TotalEquity":0,"TotalDebt":0,"BasePrice":385600000,"Symbol":"apt","Index":22},{"TotalEquity":0,"TotalDebt":0,"BasePrice":685000000,"Symbol":"ar","Index":23},{"TotalEquity":0,"TotalDebt":0,"BasePrice":6676484,"Symbol":"ardr","Index":24},{"TotalEquity":0,"TotalDebt":0,"BasePrice":2662000,"Symbol":"arpa","Index":25},{"TotalEquity":0,"TotalDebt":0,"BasePrice":4010000,"Symbol":"astr","Index":26},{"TotalEquity":0,"TotalDebt":0,"BasePrice":9340000,"Symbol":"ata","Index":27},{"TotalEquity":0,"TotalDebt":0,"BasePrice":1024500000,"Symbol":"atom","Index":28},{"TotalEquity":0,"TotalDebt":0,"BasePrice":409000000,"Symbol":"auction","Index":29},{"TotalEquity":0,"TotalDebt":0,"BasePrice":14320000,"Symbol":"audio","Index":30},{"TotalEquity":0,"TotalDebt":0,"BasePrice":23060000000,"Symbol":"auto","Index":31},{"TotalEquity":0,"TotalDebt":0,"BasePrice":53900000,"Symbol":"ava","Index":32},{"TotalEquity":0,"TotalDebt":0,"BasePrice":1178000000,"Symbol":"avax","Index":33},{"TotalEquity":0,"TotalDebt":0,"BasePrice":682000000,"Symbol":"axs","Index":34},{"TotalEquity":0,"TotalDebt":0,"BasePrice":237000000,"Symbol":"badger","Index":35},{"TotalEquity":0,"TotalDebt":0,"BasePrice":13790000,"Symbol":"bake","Index":36},{"TotalEquity":0,"TotalDebt":0,"BasePrice":541100000,"Symbol":"bal","Index":37},{"TotalEquity":0,"TotalDebt":0,"BasePrice":146100000,"Symbol":"band","Index":38},{"TotalEquity":0,"TotalDebt":0,"BasePrice":371000000,"Symbol":"bar","Index":39},{"TotalEquity":0,"TotalDebt":0,"BasePrice":17740000,"Symbol":"bat","Index":40},{"TotalEquity":0,"TotalDebt":0,"BasePrice":10170000000,"Symbol":"bch","Index":41},{"TotalEquity":0,"TotalDebt":0,"BasePrice":41300000,"Symbol":"bel","Index":42},{"TotalEquity":373654800000,"TotalDebt":0,"BasePrice":6997000,"Symbol":"beta","Index":43},{"TotalEquity":480880,"TotalDebt":0,"BasePrice":122909000000,"Symbol":"beth","Index":44},{"TotalEquity":0,"TotalDebt":0,"BasePrice":27300000,"Symbol":"bico","Index":45},{"TotalEquity":0,"TotalDebt":0,"BasePrice":6390000000,"Symbol":"bidr","Index":46},{"TotalEquity":0,"TotalDebt":0,"BasePrice":5380000,"Symbol":"blz","Index":47},{"TotalEquity":54355344,"TotalDebt":0,"BasePrice":25990000000,"Symbol":"bnb","Index":48},{"TotalEquity":0,"TotalDebt":0,"BasePrice":34900000,"Symbol":"bnt","Index":49},{"TotalEquity":0,"TotalDebt":0,"BasePrice":5920000000,"Symbol":"bnx","Index":50},{"TotalEquity":0,"TotalDebt":0,"BasePrice":326300000,"Symbol":"bond","Index":51},{"TotalEquity":0,"TotalDebt":0,"BasePrice":17680000,"Symbol":"bsw","Index":52},{"TotalEquity":3811236,"TotalDebt":0,"BasePrice":1694539000000,"Symbol":"btc","Index":53},{"TotalEquity":3261550200,"TotalDebt":0,"BasePrice":63000000,"Symbol":"bttc","Index":54},{"TotalEquity":0,"TotalDebt":0,"BasePrice":52400000,"Symbol":"burger","Index":55},{"TotalEquity":0,"TotalDebt":0,"BasePrice":100000000,"Symbol":"busd","Index":56},{"TotalEquity":0,"TotalDebt":0,"BasePrice":16470000,"Symbol":"c98","Index":57},{"TotalEquity":0,"TotalDebt":0,"BasePrice":331400000,"Symbol":"cake","Index":58},{"TotalEquity":0,"TotalDebt":0,"BasePrice":52000000,"Symbol":"celo","Index":59},{"TotalEquity":108351540000,"TotalDebt":0,"BasePrice":1010000,"Symbol":"celr","Index":60},{"TotalEquity":0,"TotalDebt":0,"BasePrice":2280000,"Symbol":"cfx","Index":61},{"TotalEquity":0,"TotalDebt":0,"BasePrice":18200000,"Symbol":"chess","Index":62},{"TotalEquity":0,"TotalDebt":0,"BasePrice":11400000,"Symbol":"chr","Index":63},{"TotalEquity":0,"TotalDebt":0,"BasePrice":10990000,"Symbol":"chz","Index":64},{"TotalEquity":0,"TotalDebt":0,"BasePrice":251000,"Symbol":"ckb","Index":65},{"TotalEquity":0,"TotalDebt":0,"BasePrice":5355000,"Symbol":"clv","Index":66},{"TotalEquity":0,"TotalDebt":0,"BasePrice":52020000,"Symbol":"cocos","Index":67},{"TotalEquity":0,"TotalDebt":0,"BasePrice":3358000000,"Symbol":"comp","Index":68},{"TotalEquity":0,"TotalDebt":0,"BasePrice":445000,"Symbol":"cos","Index":69},{"TotalEquity":0,"TotalDebt":0,"BasePrice":5570000,"Symbol":"coti","Index":70},{"TotalEquity":0,"TotalDebt":0,"BasePrice":1079000000,"Symbol":"cream","Index":71},{"TotalEquity":108600,"TotalDebt":0,"BasePrice":54700000,"Symbol":"crv","Index":72},{"TotalEquity":0,"TotalDebt":0,"BasePrice":74500000,"Symbol":"ctk","Index":73},{"TotalEquity":0,"TotalDebt":0,"BasePrice":10590000,"Symbol":"ctsi","Index":74},{"TotalEquity":0,"TotalDebt":0,"BasePrice":17630000,"Symbol":"ctxc","Index":75},{"TotalEquity":0,"TotalDebt":0,"BasePrice":33750000,"Symbol":"cvp","Index":76},{"TotalEquity":0,"TotalDebt":0,"BasePrice":308100000,"Symbol":"cvx","Index":77},{"TotalEquity":0,"TotalDebt":0,"BasePrice":99990001,"Symbol":"dai","Index":78},{"TotalEquity":0,"TotalDebt":0,"BasePrice":12935000,"Symbol":"dar","Index":79},{"TotalEquity":0,"TotalDebt":0,"BasePrice":4583000000,"Symbol":"dash","Index":80},{"TotalEquity":0,"TotalDebt":0,"BasePrice":2355000,"Symbol":"data","Index":81},{"TotalEquity":0,"TotalDebt":0,"BasePrice":1862298361,"Symbol":"dcr","Index":82},{"TotalEquity":0,"TotalDebt":0,"BasePrice":159200000,"Symbol":"dego","Index":83},{"TotalEquity":0,"TotalDebt":0,"BasePrice":68300,"Symbol":"dent","Index":84},{"TotalEquity":0,"TotalDebt":0,"BasePrice":240000000,"Symbol":"dexe","Index":85},{"TotalEquity":0,"TotalDebt":0,"BasePrice":822000,"Symbol":"dgb","Index":86},{"TotalEquity":0,"TotalDebt":0,"BasePrice":29700000,"Symbol":"dia","Index":87},{"TotalEquity":0,"TotalDebt":0,"BasePrice":1518000,"Symbol":"dock","Index":88},{"TotalEquity":0,"TotalDebt":0,"BasePrice":9870000,"Symbol":"dodo","Index":89},{"TotalEquity":80301,"TotalDebt":0,"BasePrice":7239000000000,"Symbol":"doge","Index":90},{"TotalEquity":10530126660,"TotalDebt":0,"BasePrice":468200000,"Symbol":"dot","Index":91},{"TotalEquity":0,"TotalDebt":0,"BasePrice":31380000,"Symbol":"drep","Index":92},{"TotalEquity":0,"TotalDebt":0,"BasePrice":8700000,"Symbol":"dusk","Index":93},{"TotalEquity":0,"TotalDebt":0,"BasePrice":121200000,"Symbol":"dydx","Index":94},{"TotalEquity":0,"TotalDebt":0,"BasePrice":3434000000,"Symbol":"egld","Index":95},{"TotalEquity":0,"TotalDebt":0,"BasePrice":16910000,"Symbol":"elf","Index":96},{"TotalEquity":0,"TotalDebt":0,"BasePrice":25560000,"Symbol":"enj","Index":97},{"TotalEquity":0,"TotalDebt":0,"BasePrice":1155000000,"Symbol":"ens","Index":98},{"TotalEquity":0,"TotalDebt":0,"BasePrice":89600000,"Symbol":"eos","Index":99},{"TotalEquity":0,"TotalDebt":0,"BasePrice":29600,"Symbol":"epx","Index":100},{"TotalEquity":0,"TotalDebt":0,"BasePrice":175400000,"Symbol":"ern","Index":101},{"TotalEquity":0,"TotalDebt":0,"BasePrice":2041000000,"Symbol":"etc","Index":102},{"TotalEquity":14110270,"TotalDebt":0,"BasePrice":126880000000,"Symbol":"eth","Index":103},{"TotalEquity":740723138,"TotalDebt":0,"BasePrice":106410000,"Symbol":"eur","Index":104},{"TotalEquity":0,"TotalDebt":0,"BasePrice":3070000000,"Symbol":"farm","Index":105},{"TotalEquity":0,"TotalDebt":0,"BasePrice":12400000,"Symbol":"fet","Index":106},{"TotalEquity":0,"TotalDebt":0,"BasePrice":33540000,"Symbol":"fida","Index":107},{"TotalEquity":0,"TotalDebt":0,"BasePrice":333800000,"Symbol":"fil","Index":108},{"TotalEquity":0,"TotalDebt":0,"BasePrice":2750000,"Symbol":"fio","Index":109},{"TotalEquity":0,"TotalDebt":0,"BasePrice":165400000,"Symbol":"firo","Index":110},{"TotalEquity":0,"TotalDebt":0,"BasePrice":33130000,"Symbol":"fis","Index":111},{"TotalEquity":0,"TotalDebt":0,"BasePrice":7659316,"Symbol":"flm","Index":112},{"TotalEquity":0,"TotalDebt":0,"BasePrice":69900000,"Symbol":"flow","Index":113},{"TotalEquity":0,"TotalDebt":0,"BasePrice":50900000,"Symbol":"flux","Index":114},{"TotalEquity":0,"TotalDebt":0,"BasePrice":1625000,"Symbol":"for","Index":115},{"TotalEquity":0,"TotalDebt":0,"BasePrice":294000000,"Symbol":"forth","Index":116},{"TotalEquity":0,"TotalDebt":0,"BasePrice":18080000,"Symbol":"front","Index":117},{"TotalEquity":0,"TotalDebt":0,"BasePrice":22110000,"Symbol":"ftm","Index":118},{"TotalEquity":10741248000,"TotalDebt":0,"BasePrice":91250000,"Symbol":"ftt","Index":119},{"TotalEquity":0,"TotalDebt":0,"BasePrice":616637,"Symbol":"fun","Index":120},{"TotalEquity":0,"TotalDebt":0,"BasePrice":514100000,"Symbol":"fxs","Index":121},{"TotalEquity":7360,"TotalDebt":0,"BasePrice":115400000,"Symbol":"gal","Index":122},{"TotalEquity":0,"TotalDebt":0,"BasePrice":2347000,"Symbol":"gala","Index":123},{"TotalEquity":0,"TotalDebt":0,"BasePrice":202600000,"Symbol":"gas","Index":124},{"TotalEquity":0,"TotalDebt":0,"BasePrice":18500000,"Symbol":"glm","Index":125},{"TotalEquity":0,"TotalDebt":0,"BasePrice":31950000,"Symbol":"glmr","Index":126},{"TotalEquity":0,"TotalDebt":0,"BasePrice":25880000,"Symbol":"gmt","Index":127},{"TotalEquity":0,"TotalDebt":0,"BasePrice":4173000000,"Symbol":"gmx","Index":128},{"TotalEquity":0,"TotalDebt":0,"BasePrice":8787363791,"Symbol":"gno","Index":129},{"TotalEquity":0,"TotalDebt":0,"BasePrice":6200000,"Symbol":"grt","Index":130},{"TotalEquity":0,"TotalDebt":0,"BasePrice":133400000,"Symbol":"gtc","Index":131},{"TotalEquity":0,"TotalDebt":0,"BasePrice":14940000,"Symbol":"hard","Index":132},{"TotalEquity":0,"TotalDebt":0,"BasePrice":3910000,"Symbol":"hbar","Index":133},{"TotalEquity":62370,"TotalDebt":0,"BasePrice":88700000,"Symbol":"high","Index":134},{"TotalEquity":0,"TotalDebt":0,"BasePrice":27000000,"Symbol":"hive","Index":135},{"TotalEquity":0,"TotalDebt":0,"BasePrice":184000000,"Symbol":"hnt","Index":136},{"TotalEquity":646800,"TotalDebt":0,"BasePrice":148200000000,"Symbol":"hot","Index":137},{"TotalEquity":0,"TotalDebt":0,"BasePrice":389800000,"Symbol":"icp","Index":138},{"TotalEquity":0,"TotalDebt":0,"BasePrice":15160000,"Symbol":"icx","Index":139},{"TotalEquity":0,"TotalDebt":0,"BasePrice":3880000,"Symbol":"idex","Index":140},{"TotalEquity":0,"TotalDebt":0,"BasePrice":3887000000,"Symbol":"ilv","Index":141},{"TotalEquity":0,"TotalDebt":0,"BasePrice":42300000,"Symbol":"imx","Index":142},{"TotalEquity":0,"TotalDebt":0,"BasePrice":136800000,"Symbol":"inj","Index":143},{"TotalEquity":0,"TotalDebt":0,"BasePrice":725000,"Symbol":"iost","Index":144},{"TotalEquity":0,"TotalDebt":0,"BasePrice":18230000,"Symbol":"iota","Index":145},{"TotalEquity":0,"TotalDebt":0,"BasePrice":2215000,"Symbol":"iotx","Index":146},{"TotalEquity":0,"TotalDebt":0,"BasePrice":432000,"Symbol":"iq","Index":147},{"TotalEquity":0,"TotalDebt":0,"BasePrice":1321740,"Symbol":"iris","Index":148},{"TotalEquity":0,"TotalDebt":0,"BasePrice":376000,"Symbol":"jasmy","Index":149},{"TotalEquity":0,"TotalDebt":0,"BasePrice":14160000,"Symbol":"joe","Index":150},{"TotalEquity":0,"TotalDebt":0,"BasePrice":2014000,"Symbol":"jst","Index":151},{"TotalEquity":0,"TotalDebt":0,"BasePrice":65900000,"Symbol":"kava","Index":152},{"TotalEquity":0,"TotalDebt":0,"BasePrice":94800000,"Symbol":"kda","Index":153},{"TotalEquity":0,"TotalDebt":0,"BasePrice":293500,"Symbol":"key","Index":154},{"TotalEquity":0,"TotalDebt":0,"BasePrice":16130000,"Symbol":"klay","Index":155},{"TotalEquity":0,"TotalDebt":0,"BasePrice":19046618,"Symbol":"kmd","Index":156},{"TotalEquity":0,"TotalDebt":0,"BasePrice":49400000,"Symbol":"knc","Index":157},{"TotalEquity":0,"TotalDebt":0,"BasePrice":6216000000,"Symbol":"kp3r","Index":158},{"TotalEquity":0,"TotalDebt":0,"BasePrice":2501000000,"Symbol":"ksm","Index":159},{"TotalEquity":0,"TotalDebt":0,"BasePrice":309780000,"Symbol":"lazio","Index":160},{"TotalEquity":0,"TotalDebt":0,"BasePrice":152000000,"Symbol":"ldo","Index":161},{"TotalEquity":0,"TotalDebt":0,"BasePrice":172300,"Symbol":"lever","Index":162},{"TotalEquity":0,"TotalDebt":0,"BasePrice":526900,"Symbol":"lina","Index":163},{"TotalEquity":0,"TotalDebt":0,"BasePrice":571200000,"Symbol":"link","Index":164},{"TotalEquity":0,"TotalDebt":0,"BasePrice":72200000,"Symbol":"lit","Index":165},{"TotalEquity":0,"TotalDebt":0,"BasePrice":36320000,"Symbol":"loka","Index":166},{"TotalEquity":0,"TotalDebt":0,"BasePrice":4094000,"Symbol":"loom","Index":167},{"TotalEquity":0,"TotalDebt":0,"BasePrice":444000000,"Symbol":"lpt","Index":168},{"TotalEquity":0,"TotalDebt":0,"BasePrice":20630000,"Symbol":"lrc","Index":169},{"TotalEquity":0,"TotalDebt":0,"BasePrice":72400000,"Symbol":"lsk","Index":170},{"TotalEquity":0,"TotalDebt":0,"BasePrice":7589000000,"Symbol":"ltc","Index":171},{"TotalEquity":22654000,"TotalDebt":0,"BasePrice":7100000,"Symbol":"lto","Index":172},{"TotalEquity":55067574,"TotalDebt":0,"BasePrice":132510000,"Symbol":"luna","Index":173},{"TotalEquity":0,"TotalDebt":0,"BasePrice":15605000000,"Symbol":"lunc","Index":174},{"TotalEquity":0,"TotalDebt":0,"BasePrice":47590000,"Symbol":"magic","Index":175},{"TotalEquity":0,"TotalDebt":0,"BasePrice":32780000,"Symbol":"mana","Index":176},{"TotalEquity":0,"TotalDebt":0,"BasePrice":238500000,"Symbol":"mask","Index":177},{"TotalEquity":456196854,"TotalDebt":0,"BasePrice":79890000,"Symbol":"matic","Index":178},{"TotalEquity":0,"TotalDebt":0,"BasePrice":236900,"Symbol":"mbl","Index":179},{"TotalEquity":400000000,"TotalDebt":0,"BasePrice":38500000,"Symbol":"mbox","Index":180},{"TotalEquity":557382,"TotalDebt":0,"BasePrice":26700000,"Symbol":"mc","Index":181},{"TotalEquity":0,"TotalDebt":0,"BasePrice":2011000,"Symbol":"mdt","Index":182},{"TotalEquity":0,"TotalDebt":0,"BasePrice":7160000,"Symbol":"mdx","Index":183},{"TotalEquity":0,"TotalDebt":0,"BasePrice":45000000,"Symbol":"mina","Index":184},{"TotalEquity":0,"TotalDebt":0,"BasePrice":54000000000,"Symbol":"mkr","Index":185},{"TotalEquity":0,"TotalDebt":0,"BasePrice":1941000000,"Symbol":"mln","Index":186},{"TotalEquity":0,"TotalDebt":0,"BasePrice":86600000,"Symbol":"mob","Index":187},{"TotalEquity":0,"TotalDebt":0,"BasePrice":631000000,"Symbol":"movr","Index":188},{"TotalEquity":0,"TotalDebt":0,"BasePrice":70200000,"Symbol":"mtl","Index":189},{"TotalEquity":13752000,"TotalDebt":0,"BasePrice":159000000,"Symbol":"near","Index":190},{"TotalEquity":0,"TotalDebt":0,"BasePrice":130000000,"Symbol":"nebl","Index":191},{"TotalEquity":95420,"TotalDebt":0,"BasePrice":656000000,"Symbol":"neo","Index":192},{"TotalEquity":0,"TotalDebt":0,"BasePrice":72600000,"Symbol":"nexo","Index":193},{"TotalEquity":0,"TotalDebt":0,"BasePrice":8620000,"Symbol":"nkn","Index":194},{"TotalEquity":0,"TotalDebt":0,"BasePrice":1293000000,"Symbol":"nmr","Index":195},{"TotalEquity":0,"TotalDebt":0,"BasePrice":19010000,"Symbol":"nuls","Index":196},{"TotalEquity":0,"TotalDebt":0,"BasePrice":19060000,"Symbol":"ocean","Index":197},{"TotalEquity":0,"TotalDebt":0,"BasePrice":239600000,"Symbol":"og","Index":198},{"TotalEquity":0,"TotalDebt":0,"BasePrice":9060000,"Symbol":"ogn","Index":199},{"TotalEquity":0,"TotalDebt":0,"BasePrice":2890000,"Symbol":"om","Index":200},{"TotalEquity":0,"TotalDebt":0,"BasePrice":106300000,"Symbol":"omg","Index":201},{"TotalEquity":0,"TotalDebt":0,"BasePrice":1067000,"Symbol":"one","Index":202},{"TotalEquity":0,"TotalDebt":0,"BasePrice":21774826,"Symbol":"ong","Index":203},{"TotalEquity":0,"TotalDebt":0,"BasePrice":16090000,"Symbol":"ont","Index":204},{"TotalEquity":0,"TotalDebt":0,"BasePrice":308000,"Symbol":"ooki","Index":205},{"TotalEquity":0,"TotalDebt":0,"BasePrice":108400000,"Symbol":"op","Index":206},{"TotalEquity":0,"TotalDebt":0,"BasePrice":76800000,"Symbol":"orn","Index":207},{"TotalEquity":0,"TotalDebt":0,"BasePrice":72400000,"Symbol":"osmo","Index":208},{"TotalEquity":0,"TotalDebt":0,"BasePrice":6870000,"Symbol":"oxt","Index":209},{"TotalEquity":0,"TotalDebt":0,"BasePrice":185300000000,"Symbol":"paxg","Index":210},{"TotalEquity":0,"TotalDebt":0,"BasePrice":2151000,"Symbol":"people","Index":211},{"TotalEquity":0,"TotalDebt":0,"BasePrice":38313000,"Symbol":"perp","Index":212},{"TotalEquity":0,"TotalDebt":0,"BasePrice":11120000,"Symbol":"pha","Index":213},{"TotalEquity":0,"TotalDebt":0,"BasePrice":52370000,"Symbol":"phb","Index":214},{"TotalEquity":0,"TotalDebt":0,"BasePrice":14300000,"Symbol":"pla","Index":215},{"TotalEquity":0,"TotalDebt":0,"BasePrice":13585924,"Symbol":"pnt","Index":216},{"TotalEquity":0,"TotalDebt":0,"BasePrice":35700000,"Symbol":"pols","Index":217},{"TotalEquity":0,"TotalDebt":0,"BasePrice":12340000,"Symbol":"polyx","Index":218},{"TotalEquity":0,"TotalDebt":0,"BasePrice":779000,"Symbol":"pond","Index":219},{"TotalEquity":0,"TotalDebt":0,"BasePrice":256960000,"Symbol":"porto","Index":220},{"TotalEquity":0,"TotalDebt":0,"BasePrice":12730000,"Symbol":"powr","Index":221},{"TotalEquity":0,"TotalDebt":0,"BasePrice":392000000,"Symbol":"prom","Index":222},{"TotalEquity":0,"TotalDebt":0,"BasePrice":42300000,"Symbol":"pros","Index":223},{"TotalEquity":0,"TotalDebt":0,"BasePrice":564000000,"Symbol":"psg","Index":224},{"TotalEquity":0,"TotalDebt":0,"BasePrice":32400000,"Symbol":"pundix","Index":225},{"TotalEquity":0,"TotalDebt":0,"BasePrice":298000000,"Symbol":"pyr","Index":226},{"TotalEquity":0,"TotalDebt":0,"BasePrice":652000,"Symbol":"qi","Index":227},{"TotalEquity":0,"TotalDebt":0,"BasePrice":11180000000,"Symbol":"qnt","Index":228},{"TotalEquity":107600,"TotalDebt":0,"BasePrice":196100000,"Symbol":"qtum","Index":229},{"TotalEquity":0,"TotalDebt":0,"BasePrice":4640000000,"Symbol":"quick","Index":230},{"TotalEquity":0,"TotalDebt":0,"BasePrice":153300000,"Symbol":"rad","Index":231},{"TotalEquity":0,"TotalDebt":0,"BasePrice":10070000,"Symbol":"rare","Index":232},{"TotalEquity":0,"TotalDebt":0,"BasePrice":15020000,"Symbol":"ray","Index":233},{"TotalEquity":0,"TotalDebt":0,"BasePrice":242300,"Symbol":"reef","Index":234},{"TotalEquity":0,"TotalDebt":0,"BasePrice":2250000,"Symbol":"rei","Index":235},{"TotalEquity":0,"TotalDebt":0,"BasePrice":6304200,"Symbol":"ren","Index":236},{"TotalEquity":0,"TotalDebt":0,"BasePrice":8720000,"Symbol":"req","Index":237},{"TotalEquity":0,"TotalDebt":0,"BasePrice":124277490,"Symbol":"rlc","Index":238},{"TotalEquity":0,"TotalDebt":0,"BasePrice":42000000,"Symbol":"rndr","Index":239},{"TotalEquity":0,"TotalDebt":0,"BasePrice":3704000,"Symbol":"rose","Index":240},{"TotalEquity":0,"TotalDebt":0,"BasePrice":316900,"Symbol":"rsr","Index":241},{"TotalEquity":0,"TotalDebt":0,"BasePrice":137500000,"Symbol":"rune","Index":242},{"TotalEquity":0,"TotalDebt":0,"BasePrice":2030000,"Symbol":"rvn","Index":243},{"TotalEquity":0,"TotalDebt":0,"BasePrice":43090000,"Symbol":"sand","Index":244},{"TotalEquity":0,"TotalDebt":0,"BasePrice":447000000,"Symbol":"santos","Index":245},{"TotalEquity":0,"TotalDebt":0,"BasePrice":236000,"Symbol":"sc","Index":246},{"TotalEquity":0,"TotalDebt":0,"BasePrice":63900000,"Symbol":"scrt","Index":247},{"TotalEquity":0,"TotalDebt":0,"BasePrice":40330000,"Symbol":"sfp","Index":248},{"TotalEquity":814095994,"TotalDebt":0,"BasePrice":843000000,"Symbol":"shib","Index":249},{"TotalEquity":0,"TotalDebt":0,"BasePrice":2273000,"Symbol":"skl","Index":250},{"TotalEquity":0,"TotalDebt":0,"BasePrice":209000,"Symbol":"slp","Index":251},{"TotalEquity":0,"TotalDebt":0,"BasePrice":48580000,"Symbol":"snm","Index":252},{"TotalEquity":0,"TotalDebt":0,"BasePrice":162800000,"Symbol":"snx","Index":253},{"TotalEquity":2559182000,"TotalDebt":0,"BasePrice":1351000000,"Symbol":"sol","Index":254},{"TotalEquity":0,"TotalDebt":0,"BasePrice":55220000000,"Symbol":"spell","Index":255},{"TotalEquity":0,"TotalDebt":0,"BasePrice":15678000,"Symbol":"srm","Index":256},{"TotalEquity":0,"TotalDebt":0,"BasePrice":35440000,"Symbol":"stg","Index":257},{"TotalEquity":0,"TotalDebt":0,"BasePrice":381100,"Symbol":"stmx","Index":258},{"TotalEquity":0,"TotalDebt":0,"BasePrice":25820000,"Symbol":"storj","Index":259},{"TotalEquity":0,"TotalDebt":0,"BasePrice":2759000,"Symbol":"stpt","Index":260},{"TotalEquity":0,"TotalDebt":0,"BasePrice":40500000,"Symbol":"strax","Index":261},{"TotalEquity":0,"TotalDebt":0,"BasePrice":21900000,"Symbol":"stx","Index":262},{"TotalEquity":0,"TotalDebt":0,"BasePrice":504000,"Symbol":"sun","Index":263},{"TotalEquity":0,"TotalDebt":0,"BasePrice":8670000,"Symbol":"super","Index":264},{"TotalEquity":82818740000,"TotalDebt":0,"BasePrice":104200000,"Symbol":"sushi","Index":265},{"TotalEquity":0,"TotalDebt":0,"BasePrice":21300000,"Symbol":"sxp","Index":266},{"TotalEquity":0,"TotalDebt":0,"BasePrice":10170000,"Symbol":"sys","Index":267},{"TotalEquity":0,"TotalDebt":0,"BasePrice":1630000,"Symbol":"t","Index":268},{"TotalEquity":0,"TotalDebt":0,"BasePrice":3270000,"Symbol":"tfuel","Index":269},{"TotalEquity":0,"TotalDebt":0,"BasePrice":75900000,"Symbol":"theta","Index":270},{"TotalEquity":0,"TotalDebt":0,"BasePrice":22920000,"Symbol":"tko","Index":271},{"TotalEquity":0,"TotalDebt":0,"BasePrice":1286000,"Symbol":"tlm","Index":272},{"TotalEquity":0,"TotalDebt":0,"BasePrice":27620000,"Symbol":"tomo","Index":273},{"TotalEquity":0,"TotalDebt":0,"BasePrice":1248000000,"Symbol":"trb","Index":274},{"TotalEquity":0,"TotalDebt":0,"BasePrice":20707974,"Symbol":"tribe","Index":275},{"TotalEquity":0,"TotalDebt":0,"BasePrice":259800,"Symbol":"troy","Index":276},{"TotalEquity":0,"TotalDebt":0,"BasePrice":2880716,"Symbol":"tru","Index":277},{"TotalEquity":614049064176,"TotalDebt":0,"BasePrice":5246000,"Symbol":"trx","Index":278},{"TotalEquity":0,"TotalDebt":0,"BasePrice":3010000,"Symbol":"tvk","Index":279},{"TotalEquity":0,"TotalDebt":0,"BasePrice":141000000,"Symbol":"twt","Index":280},{"TotalEquity":0,"TotalDebt":0,"BasePrice":154000000,"Symbol":"uma","Index":281},{"TotalEquity":0,"TotalDebt":0,"BasePrice":393600000,"Symbol":"unfi","Index":282},{"TotalEquity":0,"TotalDebt":0,"BasePrice":552200000,"Symbol":"uni","Index":283},{"TotalEquity":0,"TotalDebt":0,"BasePrice":100006504,"Symbol":"usdc","Index":284},{"TotalEquity":1518426334,"TotalDebt":0,"BasePrice":99970009,"Symbol":"usdt","Index":285},{"TotalEquity":0,"TotalDebt":0,"BasePrice":2033217,"Symbol":"ustc","Index":286},{"TotalEquity":0,"TotalDebt":0,"BasePrice":7770000,"Symbol":"utk","Index":287},{"TotalEquity":76451132000,"TotalDebt":0,"BasePrice":1641000,"Symbol":"vet","Index":288},{"TotalEquity":0,"TotalDebt":0,"BasePrice":6949000,"Symbol":"vib","Index":289},{"TotalEquity":0,"TotalDebt":0,"BasePrice":1950000,"Symbol":"vite","Index":290},{"TotalEquity":0,"TotalDebt":0,"BasePrice":16710000,"Symbol":"voxel","Index":291},{"TotalEquity":18397812008,"TotalDebt":0,"BasePrice":92372,"Symbol":"vtho","Index":292},{"TotalEquity":0,"TotalDebt":0,"BasePrice":16583216,"Symbol":"wan","Index":293},{"TotalEquity":0,"TotalDebt":0,"BasePrice":141300000,"Symbol":"waves","Index":294},{"TotalEquity":0,"TotalDebt":0,"BasePrice":4400000,"Symbol":"waxp","Index":295},{"TotalEquity":0,"TotalDebt":0,"BasePrice":7380000000,"Symbol":"win","Index":296},{"TotalEquity":0,"TotalDebt":0,"BasePrice":521000000,"Symbol":"wing","Index":297},{"TotalEquity":0,"TotalDebt":0,"BasePrice":809757073,"Symbol":"wnxm","Index":298},{"TotalEquity":0,"TotalDebt":0,"BasePrice":13470000,"Symbol":"woo","Index":299},{"TotalEquity":12760000,"TotalDebt":0,"BasePrice":14010000,"Symbol":"wrx","Index":300},{"TotalEquity":0,"TotalDebt":0,"BasePrice":19165236,"Symbol":"wtc","Index":301},{"TotalEquity":0,"TotalDebt":0,"BasePrice":2467000000,"Symbol":"xec","Index":302},{"TotalEquity":0,"TotalDebt":0,"BasePrice":2919124,"Symbol":"xem","Index":303},{"TotalEquity":18690000,"TotalDebt":0,"BasePrice":7510000,"Symbol":"xlm","Index":304},{"TotalEquity":0,"TotalDebt":0,"BasePrice":15480000000,"Symbol":"xmr","Index":305},{"TotalEquity":128,"TotalDebt":0,"BasePrice":34420000,"Symbol":"xrp","Index":306},{"TotalEquity":21096000000,"TotalDebt":0,"BasePrice":77200000,"Symbol":"xtz","Index":307},{"TotalEquity":0,"TotalDebt":0,"BasePrice":272000,"Symbol":"xvg","Index":308},{"TotalEquity":0,"TotalDebt":0,"BasePrice":429000000,"Symbol":"xvs","Index":309},{"TotalEquity":0,"TotalDebt":0,"BasePrice":544200000000,"Symbol":"yfi","Index":310},{"TotalEquity":0,"TotalDebt":0,"BasePrice":17490000,"Symbol":"ygg","Index":311},{"TotalEquity":0,"TotalDebt":0,"BasePrice":4140000000,"Symbol":"zec","Index":312},{"TotalEquity":0,"TotalDebt":0,"BasePrice":849000000,"Symbol":"zen","Index":313},{"TotalEquity":0,"TotalDebt":0,"BasePrice":1741000,"Symbol":"zil","Index":314},{"TotalEquity":0,"TotalDebt":0,"BasePrice":16030000,"Symbol":"zrx","Index":315}]
}