{"Arrangement":5,"UniqueIdentification":"0000b4a15114c094443b386dd99c462d8dca059a6025eea47f28a80767b4cbc2","TotalAssetEquity":15464396887760000,"TotalAssetDebt":0,"AssetDetails":[{"Index":53,"Equity":38,"Debt":0},{"Index":180,"Equity":400000000,"Debt":0},{"Index":306,"Equity":128,"Debt":0}],"TreeRootHash":"0b47326c87891cc85c648b5882c9ff5d82570363ab7eeb747c9eb5c03b650318","MerkleProofEncode":["FYBG701cN8Ox33HIsOMDDcJJPN4ycanCryMvY/kHqFY=","CRHdH+Rkdrd/AHgEQSw2Eg1ZiT0U5UsqVfCwgSkPt4A=","KZtpTv2ktWcI5qGWX6km9Ubs/8CqPO22EGpCIwbVmTQ=","Co6rANO8HLSdz5kG+2QYGx3lFGEz1oPcJ0LxZfxT6ZY=","KR17Y6bUSy/mZmuLWicq8+iSa4t3IhgdH/NiQ5yulMM=","GTQjMumYzw7OMkDpvGB9e4g4gfGaGdf7uRCmtUO9gwM=","JaRSES3N43lA+aCXqIIql/raDzZnWEYB7qaC5/34f30=","Ijs0Lr+DM/ZtWATs29ePCuqHwZn1JY5zUXhVAsJ9Aoo=","GML/iwCEjgYlSAmd4cQQhKsjH+xscIG6hbM5HP+OP/I=","BBXHrrH1oIGsjK1PsZt1d+ovsDW5IvHxFUlt8CJ3j/M=","F6GyEMWOjvKBgKDCCkQiOfc5SvGEt2MWyQTzszXzd6Y=","JDZjD4o0q6cGYJzj0BBaBEBEN4y4UjYgMSNIXf2P6Ps=","C+Mh1228yGv2Or6yQs3U0sjBzxxWJPTyH5GNG3FzMbk=","Jpo3tkE2KgMxWoEdMM1sOyJsM9YjsI9aONsEEqmMPnA=","FaWOvl42fYbklbc9WgWFqeW3Q/54KXT5zYdIGyCh9iE=","EvcLzRuRio6YT9QjSPp0GGGFYSIW8fKOqQlcOXFBBwo=","LJos88T9kz5kG0o+yeNX0ij+WwrOEIqRVpJtOrUrnns=","CFv3HhUsTXNa3iT/cc+GhD9lV+weuSWoJJRVgZmn7fQ=","EyfPjcon6R+nXBDT/9++ddQqlxiBaSaTMBiC0R6NPoM=","HOtPMAkz3JJG3n0bxNIqkR1p/Q758Em1Jjn1KE6A2mg=","Lq3n7B3Bs7ILnDLG17szIf9O0OdotsWpSLwejnJVcLY=","HthvmzZ/MHbOWVSuFyc9sUvuSz0ddveEwoyQExrim5k=","BOxHEGxRtmNch1R57kgKMxiBVnR/tCo9y3XcJco7Saw=","Dilkpy2L945iR+BsbaffA7MBZSNofd2PdZSkzN48DOE=","Fotw+U5orv9231KkpBYOXM+odtZGgCaNw5zOY+xZ5Oc=","J7pOZTvxtC7B8RzevUvrd90GfrH2oxtRqkEF+mFdCuc=","EUZQwQDUH48osqrtgcPuAQsQvdVKTC+hYmKvIhzImZQ=","HKC2vx3pnDTdfyrzYjCbJMcxojJfvuyzj2/rMMiMplQ="]}
